Reference,Source Type,Genus,Species,Study site,Ecoregion,Sampling method,Activity categories,Home range method,Year,Latitude,Longitude,Altitude (m),Annual rainfall (mm),Max mean temp ,Min mean temp,Mean annual temp,Area (km2),Home range (ha),Density (ind/km2),Density (grps/km2),Groups,Individuals,Study length (month/hour),Hour,Plant species,Plant genera,Plant families,Unidentified species,Non-fig fruit (%),Fig (%),Fruit (%),Leaf (%),Flower (%),AO,Animal (%),Feeding (%),Moving (%),Resting (%),Singing (%),Social (%),Other (%),Tree density (/ha),Tree height (m),Mean DBH (cm),,,,,
Wahyuni & Nasution 2016,Article,Hylobates,H. moloch,"Kalipagu, Gunung Slamet, Central Java",,Line transect,,,2014,-7.298,109.22,767,5000,,,,170,,0.26,,,45,5,,8,,,,,,,,,,,,,,,,,,,,,,,,
Rahmuddin 2009,Masters,Hylobates,H. moloch,"Hutan Lindung Gunung Papandayan, Java",,,,,2008,-7.22,,1041,3895.5,,,,45.51,,,,,24,7,,29,18,15,1,,,,,,,,,,,,,,,,,,,,,
Prastyono 1999,Bachelors,Hylobates,H. moloch,"Ciawitali, Gunung Halimun Salak, Java",,,,,1999,-6.5,,875,5000,,,,,,,,1,4,2,48,23,19,16,1,,,,,,,,,,,,,,,,,,,,,
Suherman 2001,Bachelors,Hylobates,H. moloch,"Cibiuk/Reuma Jengkol, Ujung Kulon, West Java",Western Java rainforest,,,,2000,-6.47,,250,,,,,762.14,,,,,,2,,15,12,9,2,,,,,,,,,,,,,,,,,,,,,
Sutrisno 2001,Bachelors,Hylobates,H. moloch,"Cibiuk/Reuma Jengkol, Ujung Kulon, West Java",Western Java rainforest,,,,2000,-6.47,,250,3195,,,,762.14,,,,,,2,,121,84,43,,,,,,,,,,,,,,,,,,,,,,
Iskandar 2007,,Hylobates,H. moloch,"Cibeureum, Gunung Halimun Salak, Java",,,,,2004-2005,-6.47,,1118,,,,,,18.11,6.70,2.60,4,14,10,,15,11,8,,,,,,,,,,,,,,,,,,,,,,
Iskandar 2007,,Hylobates,H. moloch,"Citarik, Gunung Halimun Salak, Java",,,,,2004-2005,-6.47,,1191.5,,,,,,16.95,10.30,4.00,5,17,10,,23,15,12,,,,,,,,,,,,,,,,,,,,,,
Ario 2011a; Alhamd & Rahajoe 2013; Ario et al. 2011,,Hylobates,H. moloch,"Patiwel, Gunung Gede Pangrango, Java",,,,,2009-2010,-6.46,,550,3746.4,,,,219.75,,,,1,2,8,1048,62,45,32,16,,,80.3,17,1.25,1.4,1.4,,,,,,,,,,,,,,
Fithriyani 2002 (Kanopi); Ario et al. 2011; Jao 2012,,Hylobates,H. moloch,"Bodogol, Gunung Gede Pangrango, Java",,,,,2002,-6.46,,758,3746.4,,,,151.96,,,,1,5,4,,22,17,15,,,,78,22,,,,,,,,,,,,,,,,,
Fithriyani 2002 (Afrika); Ario et al. 2011,,Hylobates,H. moloch,"Bodogol, Gunung Gede Pangrango, Java",,,,,2002,-6.46,,795,3746.4,,,,151.96,,,,1,2,4,,22,17,17,,,,83,17,,,,,,,,,,,,,,,,,
Arifin 2011 (Rasamala); Ario et al. 2011; Jao 2012,,Hylobates,H. moloch,"Bodogol, Gunung Gede Pangrango, Java",,,,,2006,-6.46,,845,3746.4,,,,219.75,50.00,,,1,5,3,,3,3,3,,,,8.21,48.67,43.12,,,,,,,,,,,,,,,,
"Iskandar 2011a, b (Rasamala); Ario et al. 2011; Jao 2012",,Hylobates,H. moloch,"Bodogol, Gunung Gede Pangrango, Java",,,,,2006,-6.46,,845,3746.4,,,,219.75,50.00,,,1,5,3,240,3,3,3,,,,8.33,48.52,43.15,,,,,,,,,,,,,,,,
Jao 2012 (Rasamala),Masters,Hylobates,H. moloch,"Bodogol, Gunung Gede Pangrango, Java",,,,,2011-2012,-6.46,,845,3746.4,,,,219.75,,,,1,6,5,,39,30,20,,,,,,,,,,,,,,,,,,,,,,
Iskandar 2007,,Hylobates,H. moloch,"Gunung Halimun Salak, Java",,,,,2004-2005,-6.46,,1103,,,,,,18.56,8.18,3.35,17,55,10,,33,21,11,,,,,,,,,,,,,,,,,,,,,,
BTNG 2010,,Hylobates,H. moloch,"Bodogol, Gunung Gede Pangrango, Java",,,,,2002,-6.46,,,,,,,,,0.55,,10,19,2,,,,,,,,,,,,,,,,,,,,,,,,,,
Rahman 2011 (Rasamala),Masters,Hylobates,H. moloch,"Bodogol, Gunung Gede Pangrango, Java",,,,,2011,-6.46,,,3746.4,,,,219.75,,,,1,6,3,168.5,3,3,3,1,,,21.34,,,,,,,,,,,,,,,,,,
Iskandar 2008,,Hylobates,H. moloch,"Gunung Gede Pangrango, Java",,,,,2007,-6.46,,,3600,,,,54,,,,13,42,4,240,43,33,26,,,,,,,,,,,,,,,,,,,,,,
Kappeler 1984; Kim et al. 2011 (Group D),,Hylobates,H. moloch,"Turalak, Ujung Kulon, Java",Western Java rainforest,,,,1975-1976,-6.45,,50.00,3249.00,27.50,23.50,,110,13.50,8.50,2.70,1,2,15,20,125,88,43,,,,61.00,38.00,1.00,0.00,0,,,,,,,,,,,,,,
Prastyono 1999,Bachelors,Hylobates,H. moloch,"Gunung Halimun Salak, Java",,,,,1999,-6.45,,875,5000,,,,,,,,3,11,2,132,40,32,24,3,,,,,,,,,,,,,,,,,,,,,
Iskandar 2007,,Hylobates,H. moloch,"Cisalimar, Gunung Halimun Salak, Java",,,,,2004-2005,-6.45,,1016,,,,,,17.11,6.30,3.00,3,8,10,,13,10,9,,,,,,,,,,,,,,,,,,,,,,
Prastyono 1999,Bachelors,Hylobates,H. moloch,"Cikaniki, Gunung Halimun Salak, Java",,,,,1999,-6.44,,875,5000,,,,,,,,1,3,2,36,14,11,10,1,,,,,,,,,,,,,,,,,,,,,
Iskandar 2007,,Hylobates,H. moloch,"Cikaniki, Gunung Halimun Salak, Java",,,,,2004-2005,-6.44,,1085.5,,,,,,16.21,9.40,3.80,5,16,10,,16,13,9,,,,,,,,,,,,,,,,,,,,,,
Hadi 2002,Bachelors,Hylobates,H. moloch,"Cikaniki, Gunung Halimun Salak, Java",,,,,2001,-6.44,,1105,5000,,,,,16.52,,,5,17,2,24.79,38,28,24,,,,,,,,,,,,,,,,,,,,,,
"Surono 2012 (Group A, B)",Bachelors,Hylobates,H. moloch,"Citalahab, Cikaniki, Gunung Halimun Salak, Java",,,,,2011,-6.44,,1250,5000,,,,1133.57,,,,2,9,3,,42,35,25,3,46.07,31.73,77.8,21.02,1.18,0.002,0.002,,,,,,,,,,,,,,
Dewi 2016 (Group A),,Hylobates,H. moloch,"Citalahab, Cikaniki, Gunung Halimun Salak, Java",,,,,2015,-6.42,,1025.00,4298.04,,,,1133.57,23.72,,,1,4,3,,,,,,,,,,,,,,,,,,,,,,,,,,
Dewi 2016 (Group B),,Hylobates,H. moloch,"Citalahab, Cikaniki, Gunung Halimun Salak, Java",,,,,2015,-6.42,,1025.00,4298.04,,,,1133.57,43.79,,,1,4,3,,,,,,,,,,,,,,,,,,,,,,,,,,
Dewi 2016 (Group S),,Hylobates,H. moloch,"Citalahab, Cikaniki, Gunung Halimun Salak, Java",,,,,2015,-6.42,,1025.00,4298.04,,,,1133.57,32.72,,,1,5,3,,,,,,,,,,,,,,,,,,,,,,,,,,
"Dewi 2016 (Groups A,B,S)",,Hylobates,H. moloch,"Citalahab, Cikaniki, Gunung Halimun Salak, Java",,,,,2015,-6.42,,1025.00,4298.04,,,,1133.57,33.41,,,3,13,3,,,,,,,,,,,,,,,,,,,,,,,,,,
"Kim et al. 2012, 2011 (Group A)",,Hylobates,H. moloch,"Citalahab, Cikaniki, Gunung Halimun Salak, Java",,,,,2008-2009,-6.42,,1025.00,4405.00,,,,1133.57,32.30,12.16,3.80,1,4,12,617.5,,,,,25.20,32.80,58.00,28.00,12.00,2.00,,,,,,,,,,,,,,,
"Kim et al. 2012, 2011 (Group B)",,Hylobates,H. moloch,"Citalahab, Cikaniki, Gunung Halimun Salak, Java",,,,,2008-2009,-6.42,,1025.00,4405.00,,,,1133.57,43.30,12.16,3.80,1,3,12,635.0,,,,,17.50,44.50,62.00,27.00,7.00,3.00,,,,,,,,,,,,,,,
"Kim et al. 2012, 2011 (Group D)",,Hylobates,H. moloch,"Citalahab, Cikaniki, Gunung Halimun Salak, Java",,,,,2008-2009,-6.42,,1025.00,4405.00,,,,1133.57,34.30,12.16,3.80,1,3,12,202.5,,,,,31.20,24.80,56.00,26.00,18.20,0.80,,,,,,,,,,,,,,,
장하늘 2014 (Group A),,Hylobates,H. moloch,"Citalahab, Cikaniki, Gunung Halimun Salak, Java",,Scan sampling every fifteen minutes; continuous focal animal sampling,,,2013-2014,-6.42,,1025.00,4527,,,,1133.57,27.20,,,1,4,12,420,,,,,,,,,,,,,,,,,,,,,,,,,
장하늘 2014 (Group B),,Hylobates,H. moloch,"Citalahab, Cikaniki, Gunung Halimun Salak, Java",,Scan sampling every fifteen minutes; continuous focal animal sampling,,,2013-2014,-6.42,,1025.00,4527,,,,1133.57,47.80,,,1,3,12,441.25,,,,,,,,,,,,,,,,,,,,,,,,,
장하늘 2014 (Group S),,Hylobates,H. moloch,"Citalahab, Cikaniki, Gunung Halimun Salak, Java",,Scan sampling every fifteen minutes; continuous focal animal sampling,,,2013-2014,-6.42,,1025.00,4527,,,,1133.57,39.20,,,1,5,12,298.25,,,,,,,,,,,,,,,,,,,,,,,,,
"장하늘 2014 (Groups A,B,S)",,Hylobates,H. moloch,"Citalahab, Cikaniki, Gunung Halimun Salak, Java",,Scan sampling every fifteen minutes; continuous focal animal sampling,,,2013-2014,-6.42,,1025.00,4527,,,,1133.57,38.10,,,3,12,12,1159.5,,,,,,,,,,,,,,,,,,,,,,,,,
"Kim et al. 2012, 2011 (Groups A,B,D)",,Hylobates,H. moloch,"Citalahab, Gunung Halimun Salak, Java",,,,,2008-2009,-6.42,,1025.00,4405.00,,,,1133.57,36.63,12.16,3.80,3,10,12,1455.0,68,,25,,29.10,33.40,62.50,24.60,11.80,1.2,,,,,,,,,,,,,,,
Prastyono 1999,Bachelors,Hylobates,H. moloch,"Pasir Bivak, Gunung Halimun Salak, Java",,,,,1999,-6.39,,875,5000,,,,,,,,1,4,2,48,21,18,15,2,,,,,,,,,,,,,,,,,,,,,
Ario 2011b; Alhamd & Rahajoe 2013; Ario et al. 2011,,Hylobates,H. moloch,"Bodogol, Gunung Gede Pangrango, Java",,,,,2000-2007,-6.33,,1100,3746.4,,,,219.75,14.70,13.50,6.80,8,34,76,,86,59,40,2,,,,,,,,,,,,,,,,,,,,,
Nurcahyo 2009; Lappan 2005,,Symphalangus,S. syndactylus,"Way Canguk, Bukit Barisan Selatan, Sumatra",,,,,1998-2000,-5.39,,50.00,3500.00,,,,2568,20.30,12.87,3.30,,,12,,162,,,49,38.00,25.00,62.50,25.00,12.00,0.10,0.10,,,,,,,,,,,,,,
"Lappan 2005; 2009a,b; O'Brien et al. 2004 (Group A)",,Symphalangus,S. syndactylus,"Way Canguk, Bukit Barisan Selatan, Sumatra",,Instantaneous focal sampling every five minutes,,,2000-2002,-5.39,,50.00,3408.00,,,,2568,16.74,17.75,5.00,1,4,22,534.0,,,,,42.60,19.90,62.50,27.00,10.50,0.00,0,,,,,,,,,,,,,,
"Lappan 2005; 2009a,b; O'Brien et al. 2004 (Group B)",,Symphalangus,S. syndactylus,"Way Canguk, Bukit Barisan Selatan, Sumatra",,Instantaneous focal sampling every five minutes,,,2000-2002,-5.39,,50.00,3408.00,,,,2568,21.49,17.75,5.00,1,6,23,711.0,,,,,41.50,14.20,55.70,36.60,7.60,0.00,0,,,,,,,,,,,,,,
"Lappan 2005; 2009a,b; O'Brien et al. 2004 (Group C)",,Symphalangus,S. syndactylus,"Way Canguk, Bukit Barisan Selatan, Sumatra",,Instantaneous focal sampling every five minutes,,,2000-2002,-5.39,,50.00,3408.00,,,,2568,20.71,17.75,5.00,1,6,22,716.0,,,,,41.70,14.80,56.50,31.40,12.20,0.00,0,,,,,,,,,,,,,,
"Lappan 2005; 2009a,b; O'Brien et al. 2004 (Groups ABCFG)",,Symphalangus,S. syndactylus,"Way Canguk, Bukit Barisan Selatan, Sumatra",,Instantaneous focal sampling every five minutes,,,2000-2002,-5.39,,50.00,3408.00,,,,2568,19.50,17.75,5.00,5,25,23,2837.0,75,,,,34.60,21.10,55.70,31.80,12.60,0.00,0,,,,,,,,,,,,,,
"Lappan 2005; 2009a,b; O'Brien et al. 2004 (Group F)",,Symphalangus,S. syndactylus,"Way Canguk, Bukit Barisan Selatan, Sumatra",,Instantaneous focal sampling every five minutes,,,2001-2002,-5.39,,50.00,3408.00,,,,2568,14.11,17.75,5.00,1,5,19,476.0,,,,,18.50,32.50,51.00,35.10,13.90,0.00,0,,,,,,,,,,,,,,
"Lappan 2005; 2009a,b; O'Brien et al. 2004 (Group G)",,Symphalangus,S. syndactylus,"Way Canguk, Bukit Barisan Selatan, Sumatra",,Instantaneous focal sampling every five minutes,,,2001-2002,-5.39,,50.00,3408.00,,,,2568,9.03,17.75,5.00,1,4,16,400.0,,,,,28.50,23.90,52.40,28.90,18.80,0.00,0,,,,,,,,,,,,,,
Elder 2013,,Hylobates,H. agilis,"Way Canguk, Bukit Barisan Selatan, Sumatra",,Continuous focal sampling one hour sessions,,,2008-2009,-5.39,,50.00,3354.00,,,,3568,24.00,1.40,0.48,2,5,12,934.0,69,54,32,12,51.00,18.00,69.00,20.00,9.00,1.00,1,,,,,,,,,,,,,,
Elder 2013,,Symphalangus,S. syndactylus,"Way Canguk, Bukit Barisan Selatan, Sumatra",,Continuous focal sampling one hour sessions,,,2008-2009,-5.39,,50.00,3354.00,,,,3568,23.00,18.13,4.90,4,22,12,1437.0,93,68,38,15,40.00,27.00,67.00,24.00,9.00,0.00,0,,,,,,,,,,,,,,
Elder 2013 (Group 2),,Hylobates,H. agilis,"Way Canguk, Bukit Barisan Selatan, Sumatra",,Continuous focal sampling one hour sessions,,,2008-2009,-5.39,,50.00,3354.00,,,,3568,25.00,1.40,0.48,1,3,12,,,,,,,,,,,,,,,,,,,,,,,,,,
Elder 2013 (Group 3),,Hylobates,H. agilis,"Way Canguk, Bukit Barisan Selatan, Sumatra",,Continuous focal sampling one hour sessions,,,2008-2009,-5.39,,50.00,3354.00,,,,3568,25.00,1.40,0.48,1,2,12,,,,,,,,,,,,,,,,,,,,,,,,,,
Elder 2013 (Group A),,Symphalangus,S. syndactylus,"Way Canguk, Bukit Barisan Selatan, Sumatra",,Continuous focal sampling one hour sessions,,,2008-2009,-5.39,,50.00,3354.00,,,,3568,30.00,18.13,4.90,1,5,12,,,,,,,,,,,,,,,,,,,,,,,,,,
Elder 2013 (Group E),,Symphalangus,S. syndactylus,"Way Canguk, Bukit Barisan Selatan, Sumatra",,Continuous focal sampling one hour sessions,,,2008-2009,-5.39,,50.00,3354.00,,,,3568,27.00,18.13,4.90,1,5,12,,,,,,,,,,,,,,,,,,,,,,,,,,
Elder 2013 (Group J),,Symphalangus,S. syndactylus,"Way Canguk, Bukit Barisan Selatan, Sumatra",,Continuous focal sampling one hour sessions,,,2008-2009,-5.39,,50.00,3354.00,,,,3568,20.00,18.13,4.90,1,6,12,,,,,,,,,,,,,,,,,,,,,,,,,,
Elder 2013 (Group M),,Symphalangus,S. syndactylus,"Way Canguk, Bukit Barisan Selatan, Sumatra",,Continuous focal sampling one hour sessions,,,2008-2009,-5.39,,50.00,3354.00,,,,3568,15.00,18.13,4.90,1,6,12,,,,,,,,,,,,,,,,,,,,,,,,,,
Atmanto et al. 2014; Kentjonowati & New 2005,,Symphalangus,S. syndactylus,"Way Kanan, Way Kambas, Lampung",,,,,2012,-5.06,,,,,,,1256.31,,,,,,1,,15,15,14,,,,,,,,,,,,,,,,,,,,,,
Cheyne 2010,,Hylobates,H. albibarbis,"CIMTROP, Sabangau, Central Kalimantan",Southwest Borneo freshwater swamp forest,Instantaneous focal sampling every five minutes,,,2005-2008,-2.31,113.9,10.00,2784.00,,,,5300,47.00,10.38,2.59,11,48,37,,77,25,18,1,63.00,6.00,69.00,25.00,5.00,1.00,1,,,,,,,,,,,,,,
Duma 2007 (Group KC),,Hylobates,H. albibarbis,"CIMTROP, Sabangau, Central Kalimantan",Southwest Borneo freshwater swamp forest,,,,2005,-2.19,113.54,20,2600,,,,500,29.50,,,1,4,5,126.8,70,48,33,,,,73,16,10,1,,,,,,,,,,,,,,,
Suyanti 2007,Masters,Hylobates,H. albibarbis,"CIMTROP, Sabangau, Central Kalimantan",Southwest Borneo freshwater swamp forest,,,,2005,-2.16,,20,2600,,,,500,,,,,,4,,54,39,29,,,,,,,,,,,,,,,,,,,,,,
Vogel et al. 2009; Vogel et al. 2015; Posa & Marques 2012,,Hylobates,H. albibarbis,"Tuanan, Mawas, Central Kalimantan",,,,,2006,-2.09,114.26,30,2678,,,,3099,,,,1,4,5,859,37,27,20,,,,,,,,,,,,,,,,,,,,,,
Yanuar 2007 (Group U1),,Hylobates,H. agilis,"Lorong Gambir, Bangko",,Instantaneous focal sampling every ten minutes,,,2003-2004,-2.05,102.18,125.00,2066,28,16,,0.45,23.75,6.67,2.22,1,3,18,650,,,,,46,25,70.8,19.5,3,7,7,,,,,,,,,,,,,,
Yanuar 2007 (Group S1),,Symphalangus,S. syndactylus,"Sungai Misang, Bangko",,Instantaneous focal sampling every ten minutes,,,2004,-2.05,,125.00,2066,,,,1,19.75,7.00,3.00,1,3,18,550,,,,,20,29,48,43.4,1,7,7,,,,,,,,,,,,,,
Yanuar 2007 (Group S3); Yanuar 2009,,Symphalangus,S. syndactylus,"Kulai Tanang, Gunung Tujuh, Kerinci-Seblat ",,Instantaneous focal sampling every ten minutes,,,2004,-1.3,,375.00,6149,,,,14846,21.50,7.14,2.10,1,3,14,425,,,,,17,37,53.5,40.7,0,6,6,,,,,,,,,,,,,,
Yanuar 2007 (Group U3); Yanuar 2009,,Hylobates,H. agilis,"Kulai Tanang, Gunung Tujuh, Kerinci-Seblat ",,Instantaneous focal sampling every ten minutes,,,2003-2004,-1.3,101.24,375.00,6149,28,16,,14846,24.75,11.40,3.80,1,3,14,416.7,,,,,42,23,65.2,19.3,4,11,11,,,,,,,,,,,,,,
Yanuar 2007 (Group S2),,Symphalangus,S. syndactylus,"Sungai Mangun, Tidar Kerinci Agung Company Estate",,Instantaneous focal sampling every ten minutes,,,2004,-1.28,,275.00,6030,,,,0.55,20.25,7.27,1.82,1,4,17,641.7,,,,,22,32,51.3,38.7,1,7,7,,,,,,,,,,,,,,
Yanuar 2007 (Group U2),,Hylobates,H. agilis,"Sungai Tembalun, Tidar Kerinci Agung Company Estate",,Instantaneous focal sampling every ten minutes,,,2003-2004,-1.28,101.25,325.00,4909,28,16,,0.9,21.25,7.78,3.33,1,3,15,791.7,,,,,49,20,69.7,21.2,5,4,4,,,,,,,,,,,,,,
Whitten 1982; Whitten et al. 1979 (Group BG4),,Hylobates,H. klossii,"Paitan, Siberut, Mentawai",,Scan sampling every ten minutes,,,1977,-1.21,,50.00,4200.00,,,,1500,31.00,10.50,2.84,1,3,8,650.0,50,36,28,4,49.00,23.00,72.00,2.00,0.00,25.00,25,,,,,,,,,,,,,,
Marshall 2004; Paoli et al. 2001,,Hylobates,H. albibarbis,"Cabang Panti, Gunung Palung, West Kalimantan","Freshwater swamp, alluvial bench, lowland sandstone, lowland granite, upland granite, montane, peat swamp","""…a pair of replicate census routes in each of the seven habitats…all census routes started at 5:30 am and ended at approximately 11:00 am…recorded the behavior (e.g., traveling, resting, feeding) of the individual first seen…could entail following the group for up to one hour...and continued the census...In addition to opportunistic sightings...during censuses, we routinely searched for these two species...""",,"""Once all group sightings were plotted on the map, I drew the smallest possible polygon that included all of the group observation points. I counted the number of squares inside this polygon, and multiplied this number by 0.25 ha to estimate the home range size of each group...In many cases, sample sizes were inadequate to accurately determine home range size...I conducted [a] polynomial regression of estimated home range on the number of observations...as an unbiased estimate of home range size.""",2000-2002,-1.13,110.7,305.20,4275.00,,,,900,43.00,5.91,2.03,33,140,22,2200.4,,,,,,,,,,,,,,,,,,,,,,,,,
Clink et al. 2017; Marshall et al. 2014,,Hylobates,H. albibarbis,"Cabang Panti, Gunung Palung, West Kalimantan","Freshwater swamp, alluvial bench, lowland sandstone, lowland granite, upland granite","Line transect, continuous focal sampling for half an hour","""We described diet breadth of gibbons and leaf monkeys both in terms of the number plant taxa eaten and the relative proportion of feeding observations on each of five food classes (leaves, flowers, seeds, fruits, and figs).""","Sourced from Marshall 2004, et al. 2009",2007-2013,-1.13,110.7,305.20,4275,,,,900,43.00,,,33,143.00,66,6234.190286,,46,28,,54.10,20.00,74.10,9.70,9.70,6.90,,,,,,,,,,,,,,,
Marshall 2004; Paoli et al. 2001; Elder 2009; Marshall et al. 2009,,Hylobates,H. albibarbis,"Cabang Panti, Gunung Palung, West Kalimantan","Freshwater swamp, alluvial bench, lowland sandstone, lowland granite, upland granite, montane, peat swamp",,,,1985-1991,-1.13,110.7,475.00,4275.00,,,,900,,14.90,3.47,,,51,,,78,43,1,67.20,23.10,90.30,3.20,6.40,0.70,0.5,,,,,,,,,,,,,,
"Santosa et al. 2012 (Groups AP, MB, DT)",,Hylobates,H. albibarbis,"Cabang Panti, Gunung Palung, West Kalimantan","Freshwater swamp, alluvial bench, lowland sandstone, lowland granite, upland granite, montane, peat swamp",,,,2009-2010,-1.13,110.7,475.00,3000.00,,,,,26.34,,,3,15,7,192.6,>31,>21,>15,,,,,,,,,,,,,,,,,,,,,,
Marshall 2004,,Hylobates,H. albibarbis,"Cabang Panti, Gunung Palung, West Kalimantan","Freshwater swamp, alluvial bench, lowland sandstone, lowland granite, upland granite, montane, peat swamp","""…a pair of replicate census routes in each of the seven habitats…all census routes started at 5:30 am and ended at approximately 11:00 am…recorded the behavior (e.g., traveling, resting, feeding) of the individual first seen…could entail following the group for up to one hour...and continued the census...In addition to opportunistic sightings...during censuses, we routinely searched for these two species...""",,"""Once all group sightings were plotted on the map, I drew the smallest possible polygon that included all of the group observation points. I counted the number of squares inside this polygon, and multiplied this number by 0.25 ha to estimate the home range size of each group...In many cases, sample sizes were inadequate to accurately determine home range size...I conducted [a] polynomial regression of estimated home range on the number of observations...as an unbiased estimate of home range size.""",2000-2002,-1.13,110.7,,4275.00,,,,900,,,,,,22,,,,,,,,,,,,,,,,,,,,,,,,,,
Dillis et al. 2014,,Hylobates,H. albibarbis,"Cabang Panti, Gunung Palung, West Kalimantan","Freshwater swamp, alluvial bench, lowland sandstone, lowland granite, upland granite","Line transect, continuous focal sampling for half an hour",,,2007-2013,-1.13,110.7,,,,,,,,,,,,,,,,,,,,,,,,,,,,,,,,,,,,,,
Berliana et al. 2013,,Hylobates,H. agilis,"Andalas, Kerinci Seblat, West Sumatra",Sumatran lowland rainforest,,,,2012,-0.54,100.28,305,,,,,0.6276,10.90,,,3,15,6,,17,16,14,,,,,,,,,,,,,,,,,,,,,,
Berliana et al. 2013 (D9),,Hylobates,H. agilis,"Andalas, Kerinci Seblat, West Sumatra",Sumatran lowland rainforest,,,,2012,-0.54,100.28,305,,,,,,8.60,,,1,4,6,,,,,,,,,,,,,,,,,,,,,,,,,,
Berliana et al. 2013 (G16),,Hylobates,H. agilis,"Andalas, Kerinci Seblat, West Sumatra",Sumatran lowland rainforest,,,,2012,-0.54,100.28,305,,,,,,5.47,,,1,6,6,,,,,,,,,,,,,,,,,,,,,,,,,,
Berliana et al. 2013 (J10),,Hylobates,H. agilis,"Andalas, Kerinci Seblat, West Sumatra",Sumatran lowland rainforest,,,,2012,-0.54,100.28,305,,,,,,18.63,,,1,5,6,,,,,,,,,,,,,,,,,,,,,,,,,,
Cheyne 2004; Cheyne et al. 2008,,Hylobates,H. albibarbis,"Kalaweit, Bukit Baka Bukit Raya, Central Kalimantan",,Instantaneous focal sampling every five minutes,,,2003-2004,-0.52,112.29,149.00,4275.00,35.00,21.00,,1811.00,,,,1,2,17,1071.0,,,,,45.00,15.00,60.00,33.00,4.00,3.00,3,,,,,,,,,,,,,,
Mather 1992,,Hylobates,H. albibarbis x muelleri,"Rekut, Barito Ulu, Central Kalimantan",,,,,1988-1990,-0.3,,225,4386.0,,,,5000,,,,,,,,,,,,,,,,,,,,,,,,,,,,,,,,
Suryanto et al. 2016,,Hylobates,H. muelleri,"Mugirejo, Samarinda, East Kalimantan, Borneo",Southwest Borneo freshwater swamp forest,,,,2016,-0.28,117.12,180.00,,,,,0.036,3.60,138.89,27.78,1,5,1,,,,,,,,,,,,,,,,,,,,,,,,,,
"McConkey et al. 2002, 2003; Mather 1992",,Hylobates,H. albibarbis x muelleri,"Rekut, Barito Ulu, Central Kalimantan",,,,,1996-1997,0.12,,225.00,2585.00,,,,5000,44.50,8.20,2.34,2,8,12,876.0,167,51,36,1,44.70,17.30,62.00,23.80,13.40,0.80,0.8,,,,,,,,,,,,,,
"McConkey et al. 2002, 2003; Mather 1992",,Hylobates,H. albibarbis x muelleri,"Rekut, Barito Ulu, Central Kalimantan",,,,,1996-1997,0.12,,225.00,2585.00,,,,5000,46.00,8.20,2.34,1,4,12,438,,,,,,,,,,,,,,,,,,,,,,,,,
"McConkey et al. 2002, 2003; Mather 1992",,Hylobates,H. albibarbis x muelleri,"Rekut, Barito Ulu, Central Kalimantan",,,,,1996-1997,0.12,,225.00,2585.00,,,,5000,43.00,8.20,2.34,1,4,12,438,,,,,,,,,,,,,,,,,,,,,,,,,
Rodman 1978,,Hylobates,H. muelleri,"Mentoko, Kutai, East Kalimantan, Borneo",,,,,"1970-1971, 1975",0.24,117.06,150,,,,,200,,14.60,3.60,10,40,17,,,,,,,,56,42,,2,,,,,,,,,,,,,,,
Leighton 1987; Robbins et al. 1991,,Hylobates,H. muelleri,"Mentoko, Kutai, East Kalimantan, Borneo",,,,,1978-1979,0.24,117.06,,,,,,,36.00,10.29,3.00,1,3,15,,,,,,38,24,62,32,4,2,2,,,,,,,,,,,,,,
Sultan 2009,Masters,Hylobates,H. agilis,"HP (hutan primer), Batang Gadis, North Sumatra",,,,,2006-2007,0.37,,685,,,,,894,,,,3,10,5,,7,6,5,,,,,,,,,,,,,,,,,,,,,,
Sultan 2009,Masters,Hylobates,H. agilis,"Batang Gadis, North Sumatra, Indonesia",,,,,2006-2007,0.37,,762,,,,,932,,,,14,45,5,,20,13,10,,,,85,10,5,,,,,,,,,,,,,,,,
Sultan 2009,Masters,Hylobates,H. agilis,"HBL (hutan betas ladang), Batang Gadis, North Sumatra",,,,,2006-2007,0.37,,781,,,,,61,,,,5,15,5,,13,10,8,,,,,,,,,,,,,,,,,,,,,,
Sultan 2009,Masters,Hylobates,H. agilis,"HBT (hutan betas tebangan), Batang Gadis, North Sumatra",,,,,2006-2007,0.37,,820,,,,,77,,,,6,20,5,,17,11,8,,,,,,,,,,,,,,,,,,,,,,
Bangun et al. 2009; Bangun 2007,Masters,Hylobates,H. agilis,"Batang Gadis, North Sumatra, Indonesia",,,,,2005,1.12,99.29,802,,,,,864,,8.82,2.60,12,41,3,,12,10,8,,,,86,14,,,,,,,,,,,,,,,,,
Nowak 2011 (Group A); Nurmansyah 2012,,Hylobates,H. agilis,"Kawasan Hutan Batang Toru Bagian Barat (KHBTBB), HPH Teluk Nauli, Sumatra",,,,,2010,1.41,99.01,1000.00,1717.5,,,,810,76.99,6.38,1.91,1,3,8,,,,,,,,,,,,,,,,,,,,,,,,,,
Nowak 2011 (Group A); Nurmansyah 2012,,Symphalangus,S. syndactylus,"Kawasan Hutan Batang Toru Bagian Barat (KHBTBB), HPH Teluk Nauli, Sumatra",,,,,2010,1.41,,1000.00,1717.5,,,,810,35.66,2.90,1.16,1,1,8,,,,,,,,,,,,,,,,,,,,,,,,,,
Nowak 2011 (Group B); Nurmansyah 2012,,Hylobates,H. agilis,"Kawasan Hutan Batang Toru Bagian Barat (KHBTBB), HPH Teluk Nauli, Sumatra",,,,,2010,1.41,99.01,1000.00,1717.5,,,,810,58.47,6.38,1.91,1,3,8,,,,,,,,,,,,,,,,,,,,,,,,,,
Nowak 2011 (Group B); Nurmansyah 2012,,Symphalangus,S. syndactylus,"Kawasan Hutan Batang Toru Bagian Barat (KHBTBB), HPH Teluk Nauli, Sumatra",,,,,2010,1.41,,1000.00,1717.5,,,,810,67.51,2.90,1.16,1,3,8,,,,,,,,,,,,,,,,,,,,,,,,,,
Nowak 2011 (Group C); Nurmansyah 2012,,Hylobates,H. agilis,"Kawasan Hutan Batang Toru Bagian Barat (KHBTBB), HPH Teluk Nauli, Sumatra",,,,,2010,1.41,99.01,1000.00,1717.5,,,,810,61.29,6.38,1.91,1,3,8,,,,,,,,,,,,,,,,,,,,,,,,,,
Nowak 2011 (Group C); Nurmansyah 2012,,Symphalangus,S. syndactylus,"Kawasan Hutan Batang Toru Bagian Barat (KHBTBB), HPH Teluk Nauli, Sumatra",,,,,2010,1.41,,1000.00,1717.5,,,,810,44.57,2.90,1.16,1,3,8,,,,,,,,,,,,,,,,,,,,,,,,,,
Nowak 2011 (Group D); Nurmansyah 2012,,Hylobates,H. agilis,"Kawasan Hutan Batang Toru Bagian Barat (KHBTBB), HPH Teluk Nauli, Sumatra",,,,,2010,1.41,99.01,1000.00,1717.5,,,,810,58.51,6.38,1.91,1,3,8,,,,,,,,,,,,,,,,,,,,,,,,,,
Nowak 2011 (Group D); Nurmansyah 2012,,Symphalangus,S. syndactylus,"Kawasan Hutan Batang Toru Bagian Barat (KHBTBB), HPH Teluk Nauli, Sumatra",,,,,2010,1.41,,1000.00,1717.5,,,,810,60.92,2.90,1.16,1,2,8,,,,,,,,,,,,,,,,,,,,,,,,,,
Nowak 2011 (Group E); Nurmansyah 2012,,Hylobates,H. agilis,"Kawasan Hutan Batang Toru Bagian Barat (KHBTBB), HPH Teluk Nauli, Sumatra",,,,,2010,1.41,99.01,1000.00,1717.5,,,,810,69.22,6.38,1.91,1,5,8,,,,,,,,,,,,,,,,,,,,,,,,,,
Nowak 2011 (Group E); Nurmansyah 2012,,Symphalangus,S. syndactylus,"Kawasan Hutan Batang Toru Bagian Barat (KHBTBB), HPH Teluk Nauli, Sumatra",,,,,2010,1.41,,1000.00,1717.5,,,,810,60.07,2.90,1.16,1,3,8,,,,,,,,,,,,,,,,,,,,,,,,,,
Nowak 2011 (Group F); Nurmansyah 2012,,Hylobates,H. agilis,"Kawasan Hutan Batang Toru Bagian Barat (KHBTBB), HPH Teluk Nauli, Sumatra",,,,,2010,1.41,99.01,1000.00,1717.5,,,,810,74.47,6.38,1.91,1,3,8,,,,,,,,,,,,,,,,,,,,,,,,,,
Nowak 2011 (Group F); Nurmansyah 2012,,Symphalangus,S. syndactylus,"Kawasan Hutan Batang Toru Bagian Barat (KHBTBB), HPH Teluk Nauli, Sumatra",,,,,2010,1.41,,1000.00,1717.5,,,,810,53.44,2.90,1.16,1,3,8,,,,,,,,,,,,,,,,,,,,,,,,,,
Nowak 2011; Nurmansyah 2012,,Hylobates,H. agilis,"Kawasan Hutan Batang Toru Bagian Barat (KHBTBB), HPH Teluk Nauli, Sumatra",,,,,2010,1.41,99.01,1000.00,1717.5,,,,810,8.00,6.38,1.91,6,20,8,137.1166667,16,13,11,3,,,,,,,,,,,,,,,,,,,,,
Nowak 2011; Nurmansyah 2012,,Symphalangus,S. syndactylus,"Kawasan Hutan Batang Toru Bagian Barat (KHBTBB), HPH Teluk Nauli, Sumatra",,,,,2010,1.41,,1000.00,1717.5,,,,810,8.00,2.90,1.16,6,15,8,137.1166667,15,10,9,,,,,,,,,,,,,,,,,,,,,,
Noor et al. 2005,,Hylobates,H. lar,"Pasoh, Negeri Sembilan, Malay Peninsula",,,,,2004,2.98,,140,,,,,0.08,8.00,,,1,5,6,28,,,,,,,,,,,,,,,,,,,,,,,,,
Palombit 1997; 1992 (Group A),,Hylobates,H. lar,"Ketambe, Gunung Leuser, Sumatra",,Continuous focal animal sampling half hour sessions,,,1986-1987,3.4,,350.00,3400.00,,,,"10,000",,4.67,1.00,1,5,24,456.0,,,,,,,72.00,4.00,2.00,22.00,22,,,,,,,,,,,,,,
Palombit 1997; 1992 (Group A; G),,Hylobates,H. lar,"Ketambe, Gunung Leuser, Sumatra",,Continuous focal animal sampling half hour sessions,,,1986-1987,3.4,,350.00,3400.00,,,,"10,000",,4.67,1.00,2,9,24,716.0,57,40,28,3,26.00,45.00,71.00,4.00,1.00,24.00,24,,,,,,,,,,,,,,
Palombit 1997; 1992 (Group C),,Symphalangus,S. syndactylus,"Ketambe, Gunung Leuser, Sumatra",,Continuous focal animal sampling half hour sessions,,,1986-1987,3.4,,350.00,3400.00,,,,"10,000",,4.00,1.00,1,3,24,311.0,,,,,,,65.00,19.00,1.00,15.00,15,,,,,,,,,,,,,,
Palombit 1997; 1992 (Group G),,Hylobates,H. lar,"Ketambe, Gunung Leuser, Sumatra",,Continuous focal animal sampling half hour sessions,,,1986-1987,3.4,,350.00,3400.00,,,,"10,000",,4.67,1.00,1,4,24,260.0,,,,,,,70.00,4.00,1.00,25.00,25,,,,,,,,,,,,,,
Palombit 1997; 1992 (Group P),,Symphalangus,S. syndactylus,"Ketambe, Gunung Leuser, Sumatra",,Continuous focal animal sampling half hour sessions,,,1986-1987,3.4,,350.00,3400.00,,,,"10,000",,4.00,1.00,1,6,23,349.5,,,,,,,56.00,15.00,1.00,28.00,28,,,,,,,,,,,,,,
Palombit 1997; 1992 (Group P; C),,Symphalangus,S. syndactylus,"Ketambe, Gunung Leuser, Sumatra",,Continuous focal animal sampling half hour sessions,,,1986-1987,3.4,,350.00,3400.00,,,,"10,000",,4.00,1.00,2,9,24,660.5,64,46,31,4,18.00,43.00,61.00,17.00,1.00,21.20,21,,,,,,,,,,,,,,
West 1981 via Chivers 2001,,Symphalangus,S. syndactylus,"Ketambe, Gunung Leuser, Sumatra",,,,,,3.4,,,,,,,10000,,,2.00,,,,,,,,,17,42,59,24,4,2,2,,,,,,,,,,,,,,
Ungar 1992;1994; 1995,,Hylobates,H. lar,"Ketambe, Sumatra",,Scan sampling every five minutes; continuous focal animal sampling half hour sessions,,,1990-1991,3.41,,375.00,3400.00,,,,7927,,,,2,5,10,437.2,43,28,19,4,11.31,75.00,86.31,2.84,,8.60,2.25,,,,,,,,,,,,,,
Raemaekers 1979; Raemaekers 1985; Chivers et al. 1980; Chivers 1985,,Hylobates,H. lar,"Kuala Lompat, Krau Reserve, Malaysia Peninsula",,Scan sampling every ten minutes,,MCP,1975-1976,3.43,,50.00,2000.00,,,,,57.00,6.10,1.74,1,4,12,1420.0,75,48,27,,28.00,22.00,50.00,29.00,7.00,13.00,13,,,,,,,,,,,,,,
Subramaniam 1981,,Hylobates,H. lar,"Kuala Lompat, Krau Reserve, Pahang",,,,,1981,3.43,,50.00,,,,,510,,,,1,,12,,35,,,,,,,,,,,,,,,,,,,,,,,,
Chivers et al. 1975; Raemaekers et al. 1980; Caldecott 1980 (TS1),,Symphalangus,S. syndactylus,"Kuala Lompat, Krau Reserve, Pahang",,,,,1969-1973,3.43,,50.00,1982.00,,,,510,42.20,4.50,1.50,1,5,44,1100.0,66,,,,10.00,31.00,41.00,50.00,5.00,4.00,4,,,,,,,,,,,,,,
Chivers & Raemaekers 1980; Caldecott 1980; Chivers et al. 1980; Chivers 1985; Raemaekers 1985 (TS1; TSA),,Symphalangus,S. syndactylus,"Kuala Lompat, Krau Reserve, Pahang",,,,,1969-1979,3.43,,50.00,1982.00,,,,510,41.00,4.50,1.50,1,4,121,4704.3,106,68,38,,,,44.00,48.00,,,8.00,,,,,,,,,,,,,,
Chivers et al. 1975; Raemaekers et al. 1980; Caldecott 1980 (TS1A),,Symphalangus,S. syndactylus,"Kuala Lompat, Krau Reserve, Pahang",,,,,1971-1973,3.43,,50.00,1982.00,,,,510,29.80,4.50,1.50,1,3,20,650.0,,,,,23.00,20.00,43.00,45.00,4.00,8.00,8.00,,,,,,,,,,,,,,
Raemaekers 1979; Chivers & Raemaekers 1980; Caldecott 1980 (TS1),,Symphalangus,S. syndactylus,"Kuala Lompat, Krau Reserve, Pahang",,Scan sampling every ten minutes,,,1975-1976,3.43,,50.00,1693.00,,,,510,47.00,4.50,1.50,1,4,12,1157.7,167,,,,14.00,22.00,36.00,43.00,6.00,15.00,15,,,,,,,,,,,,,,
Chivers 1974; Chivers 1977 (Group RS2); Elder 2009,,Symphalangus,S. syndactylus,"Ulu Sempam, Bukit Fraser Forest Reserve, Pahang",,,,,1970,3.44,,2000,1594.00,,,,,,,,1,4,4,223.67,,,,,,,47.29,50.18,1.81,0.72,0.72,,,,,,,,,,,,,,
"Johns 1986, 1985, 1988",,Hylobates,H. lar,"Compartment 13C, Sungai Tekam, Pahang",,Scan sampling every five minutes,,,1979-1980,4.1,,375,,,,,315,18.00,8.25,2.50,2,,14,,,,,,50,27,77,12,8,2,2,,,,,,,,,,,,,,
"Johns 1986, 1985, 1988",,Hylobates,H. lar,"Compartment 13C, Sungai Tekam, Pahang",,Scan sampling every five minutes,,,1979-1981,4.1,,375,,,,,315,15.50,8.25,2.50,2,,26,,,,,,51,17.5,68.5,24,4,3,3,,,,,,,,,,,,,,
"Johns 1986, 1985, 1988",,Hylobates,H. lar,"Compartment 13C, Sungai Tekam, Pahang",,Scan sampling every five minutes,,,1980-1981,4.1,,375,,,,,315,13.00,8.25,2.50,2,,12,,,,,,52,8,60,36,0,4,4,,,,,,,,,,,,,,
Gittins 1982 (Group DG1),,Hylobates,H. agilis,"Sungai Dal, Gunung Bubu, Malaysia Peninsula",,Scan sampling every ten minutes,,,1975-1976,4.45,100.49,512.50,1422.00,,,,380,29.00,18.70,4.25,1,4,11,890.0,58,30,23,7,41.00,17.00,58.00,39.00,3.00,1.00,1,,,,,,,,,,,,,,
Inoue et al. 2016 (SAPA group); Kanamori et al. 2016,,Hylobates,H. funereus,"Danum Valley, Yayasan Sabah Forest, Sabah, Borneo",,Instantaneous focal sampling every ten minutes,,,2003-2008,5.017,117.44,180.00,3130.8,,,,438,34.00,,,1,2,65,724,,,,,38,27,65,34.5,0.5,,,,,,,,,,,,,,,,
Inoue et al. 2016 (JACUZZI group); Kanamori et al. 2016,,Hylobates,H. funereus,"Danum Valley, Yayasan Sabah Forest, Sabah, Borneo",,Instantaneous focal sampling every ten minutes,,,2011-2013,5.017,117.44,180.00,3130.8,,,,438,33.00,,,1,3,24,247,,,,,14,43,57,42.5,0.5,,,,,,,,,,,,,,,,
MacKinnon 1977; Wich et al. 2010,,Hylobates,H. muelleri,"Ulu Segama, Sabah",,,,,1968-1970,5.04,,373,,,,,,,10.50,3.00,8,28,16,,,,,,,,,,,,,,,,,,,,,,,,,,
Kenyon 2007; Thuat & Mai 2013 (Group HQ1),,Nomascus,N. gabriellae,"Cat Tien National Park, Vietnam",Southeastern Indochina dry evergreen forest,Scan sampling every five minutes,,,2004-2005,11.25,,140.00,2175.00,,,,520.7,48.10,4.50,1.00,1,4,12,,,,,,,,,,,,,,,,,,,,,,,,,,
Kenyon 2007; Thuat & Mai 2013,,Nomascus,N. gabriellae,"Cat Tien National Park, Vietnam",Southeastern Indochina dry evergreen forest,Scan sampling every five minutes,,,2004-2005,11.26,,200.00,2237.50,,,,799.2,41.70,8.92,1.98,8,43,12,,34,18,16,5,43.04,38.61,81.65,9.49,8.86,,,,,,,,,,,,,,,,
Kenyon 2007; Thuat & Mai 2013 (Bau sau 1),,Nomascus,N. gabriellae,"Cat Tien National Park, Vietnam",Southeastern Indochina dry evergreen forest,Scan sampling every five minutes,,,2004-2005,11.28,,275.00,2175.00,,,,520.7,14.21,20.21,4.49,1,6,12,,,,,,,,,,,,,,,,,,,,,,,,,,
Kenyon 2007; Thuat & Mai 2013 (Group Bau sau 2),,Nomascus,N. gabriellae,"Cat Tien National Park, Vietnam",Southeastern Indochina dry evergreen forest,Scan sampling every five minutes,,,2004-2005,11.28,,275.00,2175.00,,,,520.7,19.24,20.21,4.49,1,5,12,,,,,,,,,,,,,,,,,,,,,,,,,,
Kenyon 2007; Thuat & Mai 2013 (Group Da mi 1),,Nomascus,N. gabriellae,"Cat Tien National Park, Vietnam",Southeastern Indochina dry evergreen forest,Scan sampling every five minutes,,,2004-2005,11.29,,140.00,2175.00,,,,520.7,61.40,6.45,1.43,1,5,12,,,,,,,,,,,,,,,,,,,,,,,,,,
Kenyon 2007; Thuat & Mai 2013 (Group Da mi 2),,Nomascus,N. gabriellae,"Cat Tien National Park, Vietnam",Southeastern Indochina dry evergreen forest,Scan sampling every five minutes,,,2004-2005,11.29,,140.00,2175.00,,,,520.7,41.12,6.45,1.43,1,5,12,,,,,,,,,,,,,,,,,,,,,,,,,,
Kenyon 2007; Thuat & Mai 2013 (Group Da mi 3),,Nomascus,N. gabriellae,"Cat Tien National Park, Vietnam",Southeastern Indochina dry evergreen forest,Scan sampling every five minutes,,,2004-2005,11.29,,140.00,2175.00,,,,520.7,55.93,6.45,1.43,1,6,12,,,,,,,,,,,,,,,,,,,,,,,,,,
Kenyon 2007; Thuat & Mai 2013 (Group Da mi 4),,Nomascus,N. gabriellae,"Cat Tien National Park, Vietnam",Southeastern Indochina dry evergreen forest,Scan sampling every five minutes,,,2004-2005,11.29,,140.00,2175.00,,,,520.7,48.98,6.45,1.43,1,6,12,,,,,,,,,,,,,,,,,,,,,,,,,,
Bach et al. 2017,,Nomascus,N. gabriellae,"Nam Cat Tien, Cat Tien National Park, Vietnam",,Scan sampling every five minutes,,,2014-2015,11.32,107.23,,2240.00,37.2,14.3,25,,,,0.72,1,3,12,1390,69,,35,,2.5,40.8,43.3,38.4,11.6,6.5,0.5,,,,,,,,,,,,,,
Kenyon 2007; Thuat & Mai 2013 (Group Ben cau 1),,Nomascus,N. gabriellae,"Cat Tien National Park, Vietnam",Southeastern Indochina dry evergreen forest,Scan sampling every five minutes,,,2004-2005,11.42,,300.00,2675.00,,,,278.5,60.50,4.50,1.00,1,6,12,,,,,,,,,,,,,,,,,,,,,,,,,,
Barca et al. 2016; Gray et al. 2014; Nuttall et al. 2013,,Nomascus,N. gabriellae,"Seima Protection Forest, Ou Raing, Mondulkiri, Cambodia",,,,,2014-2015,12.19,,450.00,2500,,,,15145,,1.47,0.60,1,7,8,,,,,,,,,,,,,,,,,,,,,,,,,,
Srikosamatara 1984; Brockelman & Srikosamatara 1984 (Group G1),,Hylobates,H. pileatus,"Ta Riu, Khao Soi Dao, Thailand",,Scan sampling every five minutes,,,1978-1979,12.59,,375.00,2045.00,,,,1024,36.00,24.32,6.40,1,6,12,330.0,21,20,17,,45.00,26.00,71.00,13.00,0.00,15.00,15,,,,,,,,,,,,,,
Hon 2016 (Group A); Pedrono et al. 2009; Ironside & Baird 2003,,Nomascus,N. annamensis,"Veun Sai-Siem Pang Conservation Area, Ratanakiri, Cambodia",,,,,2015,14.01,,100,2268.00,,,,4441,50.00,1.12,0.32,1,5,4,235,37,26,20,35,45.56,14.8,60.36,25.9,13.74,,,,,,,,,,,,,,,,
Frechette 2014; Hon 2016; Pedrono et al. 2009; Ironside & Baird 2003,,Nomascus,N. annamensis,"Veun Sai-Siem Pang Conservation Area, Ratanakiri, Cambodia",,Scan sampling every ten minutes,,,2007-2013,14.01,,100,2268.00,,,,4441,,1.12,0.32,1.00,4.00,66,1462,22,21,17,29,63.89,14.24,78.13,,,,,,,,,,,,,,,,,,
Frechette et al. 2017,,Nomascus,N. annamensis,"Veun Sai-Siem Pang Conservation Area, Ratanakiri, Cambodia",,Scan sampling every ten minutes,,,2007-2013,14.01,106.44,100,1919.00,,,,4441,127.00,,,1.00,4.00,66,1368,56,,,,44.6,14,58.6,28.8,10.6,1.4,,,,,,,,,,,,,,,
Suwanvecho & Brockelman 2012; Reichard & Barelli 2008 (Group LA),,Hylobates,H. lar,"Khlong Sai, Khao Yai, Thailand",,,,,2001,14.25,,750.00,1774.00,,,,6199.00,47.20,,,1,6,12,319.5,,,,,46.49,18.81,65.30,21.83,,,,,,,,,,,,,,,,,
Suwanvecho & Brockelman 2012; Reichard & Barelli 2008 (Group LB),,Hylobates,H. lar,"Khlong Sai, Khao Yai, Thailand",,,,,2001,14.25,,750.00,1774.00,,,,6199.00,38.70,,,1,5,12,329.0,,,,,47.11,18.73,65.84,22.05,,,,,,,,,,,,,,,,,
Suwanvecho & Brockelman 2012; Reichard & Barelli 2008 (Group PC),,Hylobates,H. pileatus,"Khlong Sai, Khao Yai, Thailand",,,,,2001,14.25,,750.00,1774.00,,,,6199.00,38.20,4.136460554,1.03,1,7,12,289.5,,,,,46.67,19.14,65.81,21.35,,,,,,,,,,,,,,,,,
Kanwatanakid-Savini et al. 2009,,Hylobates,H. lar,"Mo Singto, Khao Yai, Thailand",,Continuous focal gender sampling one hour sessions,,,2001-2003,14.26,,745,2360,,,,6199,,15.90,4.00,5,,29,,33,32,27,1,,33.59,,,,0.3,0.3,,,,,,,,,,,,,,
Suwanvecho et al. 2017 (Group A),,Hylobates,H. lar,"Mo Singto, Khao Yai, Thailand",,,,,2003-2011,14.26,101.22,770.00,2100,,,22.4,,25.00,,,1,5,108,,>106,,,,,,,,,,,,,,,,,,,,,,,,
Suwanvecho et al. 2017 (Group A),,Hylobates,H. lar,"Mo Singto, Khao Yai, Thailand",,,,,2006-2011,14.26,101.22,770.00,2100,,,22.4,,25.00,,,1,5,60,,>73,,,,,,,,,,,,,,,,,,,,,,,,
Whitington & Treesucon 1991 (Group A),,Hylobates,H. lar,"Mo Singto, Khao Yai, Thailand",,,,,1983-1984; 1988-1990,14.26,,795,3000,,,,6199,38.00,,,1,,36,,76,53,38,,,,,,,,,,,,,,,,,,,,,,
"Bartlett 1999, 2009; Reichard & Barelli 2008 (Group A)",,Hylobates,H. lar,"Mo Singto, Khao Yai, Thailand",,,,,1994-1995,14.26,,795.00,2695.20,,,,6199,25.40,15.90,4.00,1,5,13,697.3,,,,,,,,,,,,,,,,,,,,,,,,,
"Bartlett 1999, 2009; Reichard & Barelli 2008 (Group A,C)",,Hylobates,H. lar,"Mo Singto, Khao Yai, Thailand",,,,,1994-1995,14.26,,795.00,2695.20,,,,6199,23.40,15.90,4.00,2,11,13,1137.8,135,42,31,1,46.70,18.80,65.50,24.50,1.30,8.70,8.7,,,,,,,,,,,,,,
"Bartlett 1999, 2009; Reichard & Barelli 2008 (Group C)",,Hylobates,H. lar,"Mo Singto, Khao Yai, Thailand",,,,,1994-1995,14.26,,795.00,2695.20,,,,6199,21.40,15.90,4.00,1,6,13,440.5,,,,,,,,,,,,,,,,,,,,,,,,,
Bartlett et al. 2015 (Group A),,Hylobates,H. lar,"Mo Singto, Khao Yai, Thailand",,,,,2002,14.26,,,2200,,,,,24.19,,,1,2,2,,4,4,4,,,,,,,,,,,,,,,,,,,,,,
Bartlett et al. 2015 (Group A),,Hylobates,H. lar,"Mo Singto, Khao Yai, Thailand",,,,,2004,14.26,,,2200,,,,,23.66,,,1,4,2,,3,3,3,,57.8,,,,,,,,,,,,,,,,,,,,
"Nettelbeck 1998 (Groups A, B, C); Bartlett 1999",,Hylobates,H. lar,"Mo Singto, Khao Yai, Thailand",,,,,1995-1996,14.26,,,,,,,,,13.50,6.80,3,15,14,2000,,,,,,,,,,,,,,,,,,,,,,,,,
Tingpalapong et al. 1981; Yoshiyuki 1990,,Hylobates,H. lar,"Saiyok, Kanchanaburi, Thailand",,,,,1976-1977,14.3,,275,,,,,225,,,,2,4,17,,,,,,,,,,,,,,,,,,,,,,,,,,
Light 2016 (Evergreen group A); Bunyavejchewin et al. 2004,,Hylobates,H. lar,"Khao Nang Rum, Huai Kha Khaeng, Western Forest Complex, Thailand",Kayah-Karen montane rainforest,Instantaneous focal sampling every five minutes,,MCP,2012-2013,15.28,99.17,500.00,808.3,40,13,31.68,"18,700",23.26,,,1,6,10,154,,,,,44.5,24.6,69.1,19.2,2,9.9,9.4,,,,,,,,,,,,,,
Light 2016 (Evergreen group B); Bunyavejchewin et al. 2004,,Hylobates,H. lar,"Khao Nang Rum, Huai Kha Khaeng, Western Forest Complex, Thailand",Kayah-Karen montane rainforest,Instantaneous focal sampling every five minutes,,MCP,2012-2013,15.28,99.17,520.00,808.3,40,13,31.68,"18,700",16.96,,,1,4,13,212,,,,,35.9,31.5,67.4,19.1,4.2,9.3,6.3,,,,,,,,,,,,,,
"Light 2016 (Group A,B,D,L); Bunyavejchewin et al. 2004",,Hylobates,H. lar,"Khao Nang Rum, Huai Kha Khaeng, Western Forest Complex, Thailand",Kayah-Karen montane rainforest,Instantaneous focal sampling every five minutes,,MCP,2012-2013,15.28,99.17,540,808.3,40,13,31.68,"18,700",33.04,5.40,,4,20,14,880,,,,,48.4,16.1,64.6,24.4,3.4,7.6,6.4,,,,,,,,,,,,,,
"Light 2016 (Evergreen groups A,B); Bunyavejchewin et al. 2004",,Hylobates,H. lar,"Khao Nang Rum, Huai Kha Khaeng, Western Forest Complex, Thailand",Kayah-Karen montane rainforest,Instantaneous focal sampling every five minutes,,MCP,2012-2013,15.28,99.17,653.00,808.3,40,13,31.68,"18,700",20.11,,,2,10,13,366,,,,,40.6,27.7,68.3,19.1,3,9.6,8,,,,,,,,,,,,,,
Light 2016 (Mosaic group L); Bunyavejchewin et al. 2004,,Hylobates,H. lar,"Khao Nang Rum, Huai Kha Khaeng, Western Forest Complex, Thailand",Kayah-Karen montane rainforest,Instantaneous focal sampling every five minutes,,MCP,2012-2013,15.29,99.17,480.00,808.3,40,13,31.68,"18,700",31.09,,,1,4,8,122,,,,,50.4,0.1,50.5,41.8,1.8,5.5,4.6,,,,,,,,,,,,,,
"Light 2016 (Mosaic group D,L); Bunyavejchewin et al. 2004",,Hylobates,H. lar,"Khao Nang Rum, Huai Kha Khaeng, Western Forest Complex, Thailand",Kayah-Karen montane rainforest,Instantaneous focal sampling every five minutes,,MCP,2012-2013,15.29,99.17,505,808.3,40,13,31.68,"18,700",45.97,,,2,10,13,516,,,,,55.9,5.1,61,29.4,3.7,5.9,5,,,,,,,,,,,,,,
Light 2016 (Mosaic group D); Bunyavejchewin et al. 2004,,Hylobates,H. lar,"Khao Nang Rum, Huai Kha Khaeng, Western Forest Complex, Thailand",Kayah-Karen montane rainforest,Instantaneous focal sampling every five minutes,,MCP,2012-2013,15.29,99.17,520.00,808.3,40,13,31.68,"18,700",60.84,,,1,6,13,394,,,,,57.9,6.8,64.7,24.9,4.4,6.1,5.2,,,,,,,,,,,,,,
Phiphatsuwannachai et al. 2017 (Mosaic group),,Hylobates,H. lar,"Huai Kha Khaeng, Western Forest Complex, Thailand",Kayah-Karen montane rainforest,Continuous focal animal sampling one hour sessions,,95% MCP,2014,15.4,99.1,505.00,1552,,,24,2780,20.90,,,1,3,6,266,11,,,,24.2,0.4,24.6,22.6,23.6,29.2,29.2,,,,,,,,,,,,,,
Phiphatsuwannachai et al. 2017 (Evergreen group),,Hylobates,H. lar,"Huai Kha Khaeng, Western Forest Complex, Thailand",Kayah-Karen montane rainforest,Continuous focal animal sampling one hour sessions,,95% MCP,2014,15.4,99.1,653.00,1552,,,24,2780,12.40,,,1,4,6,260,18,,,,35.9,20.6,56.5,5.8,11.8,25.9,25.9,,,,,,,,,,,,,,
Umponjan et al. 2007; Hassel-Finnegan et al. 2008; Elder 2009; Borries et al. 20,,Hylobates,H. lar,"Mai Sot Yai, Phu Khieo, Thailand",,,,,2004,16.27,,700.00,1100.00,,,,4800.00,59.71,8,2.5,1,4,12,341.0,,,,,,,58.00,22.00,6.00,0.00,0,,,,,,,,,,,,,,
Ruppell 2013; Ahumada et al. 2011,,Nomascus,N. leucogenys,"Nam Kading, Bolikhamxay, Laos",,,,,2012,18.4,,800.00,3264.00,,,,1690.00,37.87,,,3,12,12,1152.0,,,,,26.90,3.50,30.40,68.80,0.30,0.50,0.5,,,,,,,,,,,,,,
Liu 2015 (Group C); Lin 2015,,Nomascus,N. hainanus,"Bawangling, Hainan Island",Hainan Island monsoon rainforest,,,,2013-2014,19.05,,819.00,1657.00,,,,299.98,,,,1,3,12,,62,48,32,2,72.73,12.12,84.85,13.64,1.51,,,,,,,,,,,,,,,,
Zhou 2008 (Group A),,Nomascus,N. hainanus,"Bawangling, Hainan Island",Hainan Island monsoon rainforest,,,,2002-2007,19.05,,1000.00,1657.00,,,,299.98,987.00,0.72,0.13,1,9,62,,,,,,,,,,,,,,,,,,,,,,,,,,
"Liu 2015 (Groups A,B,C)",,Nomascus,N. hainanus,"Bawangling, Hainan Island",Hainan Island monsoon rainforest,,,,2002-2014,19.05,,1043.50,1657.00,,,,299.98,,,,3,18,144,,128,84,50,2,74.07,10.37,84.44,11.85,3.71,,,,,,,,,,,,,,,,
Zhou 2008,,Nomascus,N. hainanus,"Bawangling, Hainan Island",Hainan Island monsoon rainforest,,,,2002-2007,19.06,,1000.00,1657.00,,,,299.98,785.50,0.72,0.13,2,15,62,548.5,119,77,49,,,,85.67,13.00,3.43,,,,,,,,,,,,,,,,
"Liu & Tan 1990, Liu et al. 1989 (Group A); Liu 2015",,Nomascus,N. hainanus,"Bawangling, Hainan Island",Hainan Island monsoon rainforest,,,,1984-1985,19.06,,1160.00,1620.00,,,,40,500.00,0.53,0.10,1,7,24,,119,62,32,,,,,,,,,,,,,,,,,,,,,,
Lin et al. 2006a; b (Group B),,Nomascus,N. hainanus,"Bawangling, Hainan Island",Hainan Island monsoon rainforest,,,,,19.07,,950.00,1751.10,,,,299.98,,,,1,5,,,79,59,39,,,,,,,,,,,,,,,,,,,,,,
Zhou 2008 (Group B),,Nomascus,N. hainanus,"Bawangling, Hainan Island",Hainan Island monsoon rainforest,,,,2002-2007,19.07,,1000.00,1657.00,,,,299.98,584.00,0.72,0.13,1,6,62,,,,,,,,,,,,,,,,,,,,,,,,,,
Suwannakerd & Aggimarangsee 2001; Chitkament et al. 2015,,Hylobates,H. lar,"Tham Nam Lod, Mae Hong Son, Thailand",,,,,2000,19.34,,640.00,1300.00,,,,12.65,,5.3,1,1,3,12,,,,,,38.00,25.00,63.00,19.00,10.00,8.00,6,,,,,,,,,,,,,,
Yimkao & Srikosamatara 2006 (Group G1),,Hylobates,H. lar,"Muang Phaem, Mae Hong Son, Thailand",,Scan sampling every ten minutes,,,2004-2005,19.35,,825.00,1598.00,,,,12,61.00,5.30,1.00,1,5,13,636.0,51,37,24,9,,,,,,,,,,,,,,,,,,,,,
Hu et al. 1989; 1990,,Nomascus,N. leucogenys,"Xishuangbanna, Yunnan",,,,,1984-1988,21.34,,1244.00,1550.80,,,,1978,,6.30,1.67,2,9,48,893,76,43,31,1,,,38.63,52.81,4.67,3.89,3.89,,,,,,,,,,,,,,
"Ni et al. 2014, 2017",,Nomascus,N. concolor,"Bajiaohe, Ailaoshan, Yunnan",Northern Indochina subtropical forest,Scan sampling every three minutes,"""We recorded activity as moving, resting, feeding, singing
and other (Table 1). Feeding comprised picking, chewing,
or swallowing food. During feeding bouts, we recorded the
food species and specific part eaten (tree fruit, liana fruit,
leaves and buds, flower, animals) (Ni et al. 2014). We
defined singing as solo or duet songs produced in response
to songs of the neighboring group or without any recognizable
external stimulus, while alarm calling was classified
as vocal notes uttered by the gibbons due to
identifiable disturbances...All other behaviors. Included conflict activity between groups, social behavior (grooming, playing), and alarm calling (short, sharp
calling such as ‘‘hoo’’, which takes place when individuals are disturbed)",,2005-2006,22.54,102.58,2025.00,1907.00,22.30,12.50,18.00,0.7,14.00,10.00,2.86,1,3,13,647.0,48,43,29,5,81.40,0.00,81.40,16.50,0.70,1.43,1.33,20.40,32.40,44.60,1.10,0.8,0.60,315.00,9.90,24.90,,,,,
"Ni et al. 2014, 2017",,Nomascus,N. concolor,"Bajiaohe, Ailaoshan, Yunnan",Northern Indochina subtropical forest,Scan sampling every three minutes,"""We recorded activity as moving, resting, feeding, singing
and other (Table 1). Feeding comprised picking, chewing,
or swallowing food. During feeding bouts, we recorded the
food species and specific part eaten (tree fruit, liana fruit,
leaves and buds, flower, animals) (Ni et al. 2014). We
defined singing as solo or duet songs produced in response
to songs of the neighboring group or without any recognizable
external stimulus, while alarm calling was classified
as vocal notes uttered by the gibbons due to
identifiable disturbances...All other behaviors. Included conflict activity between groups, social behavior (grooming, playing), and alarm calling (short, sharp
calling such as ‘‘hoo’’, which takes place when individuals are disturbed)",,2005-2011,22.54,102.58,2025.00,2046.50,#REF!,#REF!,#REF!,0.7,14.00,7.86,2.86,1,3,27,1233.0,57,50,34,6,79.60,0.00,79.60,16.35,1.70,2.32,2.27,19,32,46.4,1.5,,1.1,,,,,,,,
"Ni et al. 2014, 2017",,Nomascus,N. concolor,"Bajiaohe, Ailaoshan, Yunnan",Northern Indochina subtropical forest,Scan sampling every three minutes,"""We recorded activity as moving, resting, feeding, singing
and other (Table 1). Feeding comprised picking, chewing,
or swallowing food. During feeding bouts, we recorded the
food species and specific part eaten (tree fruit, liana fruit,
leaves and buds, flower, animals) (Ni et al. 2014). We
defined singing as solo or duet songs produced in response
to songs of the neighboring group or without any recognizable
external stimulus, while alarm calling was classified
as vocal notes uttered by the gibbons due to
identifiable disturbances...All other behaviors. Included conflict activity between groups, social behavior (grooming, playing), and alarm calling (short, sharp
calling such as ‘‘hoo’’, which takes place when individuals are disturbed)",,2010-2011,22.54,102.58,2025.00,2186.00,18.80,8.00,14.30,0.7,14.00,5.71,2.86,1,2,14,586.0,45,41,30,6,77.80,0.00,77.80,16.20,2.70,3.20,3.2,19.30,29.20,48.60,2.00,0,0.90,,,,,,,,
Wang 2012,,Nomascus,N. concolor,"Bajiaohe, Ailaoshan, Yunnan",Northern Indochina subtropical forest,,,,2010-2011,22.54,102.58,2025.00,2330.00,,,,0.70,31.50,5.71,2.86,2,4,12,,65,59,36,3,,,70.64,21.99,4.10,3.27,3.27,,,,,,,,,,,,,,
Ahsan 1994,,Hoolock,H. hoolock,"Chunati, Bangladesh",,Scan sampling every ten minutes,,?,1989-1990,22.55,92.03,15.00,2856.00,,,,77.64,25.70,0.26,0.09,1,3,12,384.0,76,50,34,10,42.20,32.60,74.80,10.20,14.20,0.90,0.1,,,,,,,,,,,,,,
Fan et al. 2012; 2010a (G1),,Nomascus,N. nasutus,"Bangliang, Guangxi",,Scan sampling every five minutes,,,2009,22.55,,706.00,1363.00,,,,20,128.00,3.00,0.50,1,6,12,783.0,,,,,25.10,24.00,49.10,34.40,1.10,15.40,13.5,,,,,,,,,,,,,,
Fan et al. 2012; 2010a (G4),,Nomascus,N. nasutus,"Bangliang, Guangxi",,Scan sampling every five minutes,,,2009,22.55,,706.00,1363.00,,,,20,130.00,3.00,0.50,1,8,12,596.0,,,,,41.50,13.40,54.90,35.80,3.70,5.60,4.8,,,,,,,,,,,,,,
Fan et al. 2010b (G1),,Nomascus,N. nasutus,"Bangliang, Guangxi",,,,,2008-2009,22.55,,706.00,1803.80,,,,20,115.20,3.00,0.50,1,6,13,824.0,,,,,30.90,24.30,55.20,34.80,0.90,9.10,9.00,,,,,,,,,,,,,,
Fan et al. 2010b (G2),,Nomascus,N. nasutus,"Bangliang, Guangxi",,,,,2008-2009,22.55,,706.00,1803.80,,,,20,102.40,3.00,0.50,1,6,13,69.0,,,,,21.80,33.10,54.90,42.30,0.70,3.10,3.10,,,,,,,,,,,,,,
Fan et al. 2010b (G4),,Nomascus,N. nasutus,"Bangliang, Guangxi",,,,,2008-2009,22.55,,706.00,1803.80,,,,20,119.10,3.00,0.50,1,9,8,336.0,,,,,49.70,15.40,65.10,29.90,0.00,5.10,4.50,,,,,,,,,,,,,,
Fan et al. 2010b; Zhang 2010 (G1; G4),,Nomascus,N. nasutus,"Bangliang, Guangxi",,,,,2008-2009,22.55,,706.00,1803.80,,,,20,117.20,3.00,0.50,2,15,13,1229.0,58,44,33,6,34.64,20.95,55.59,35.17,0.90,8.37,8.13,,,,,,,,,,,,,,
Fan et al. 2011; 2010a,,Nomascus,N. nasutus,"Bangliang, Guangxi",,,,,2008-2009,22.55,,706.00,1583.50,,,,20,129.00,3.00,0.50,2,14,24,2432.0,75,58,39,6,36.10,21.90,58.00,31.20,3.00,7.70,7,,,,,,,,,,,,,,
Ma et al. 2016 (G1; G4),,Nomascus,N. nasutus,"Bangliang, Guangxi",,Instantaneous focal sampling every five minutes,,,2008-2013,22.55,,706.00,1452.00,,,,20,,3.00,0.50,2,15,72,3299.0,>80,59,40,6,,,,,12.00,,,,,,,,,,,,,,,,
Lan 1993,,Nomascus,N. concolor,"Xiaobahe, Wuliangshan, Yunnan",,,,,1989,24.19,,2230.00,,,,,12.18,,,,1,4,2,11.83,11,11,11,,,,,,,,,,,,,,,,,,,,,,
Lan 2001,,Nomascus,N. concolor,"Xiaobahe, Wuliangshan, Yunnan",,Scan sampling every ten minutes,,,1997-1998,24.19,,2230.00,2257.10,,,,12.18,54.90,2.83,0.53,1,7,22,220.3,34,27,22,,43.72,2.30,46.02,46.91,5.62,1.44,0.14,,,,,,,,,,,,,,
"Hasan et al. 2005, 2007",,Hoolock,H. hoolock,"Lawachara, Bangladesh",,Scan sampling every ten minutes,,,2002-2003,24.2,91.47,15.00,2000.00,,,,12.5,,2.96,0.88,1,3,15,166.0,30,,,,48.00,42.00,90.00,5.00,3.00,2.00,2,,,,,,,,,,,,,,
Ahsan 1994,,Hoolock,H. hoolock,"Lawachara, Bangladesh",,Scan sampling every ten minutes,,,1989-1990,24.2,91.47,22.00,2412.00,,,,18.26,40.70,1.98,0.76,1,4,19,384.0,45,39,29,17,32.30,49.40,81.70,11.80,2.60,3.80,2.9,,,,,,,,,,,,,,
Ahsan 1994,,Hoolock,H. hoolock,"Lawachara, Bangladesh",,Scan sampling every ten minutes,,,1989-1990,24.2,91.47,22.00,2412.00,,,,18.26,86.00,1.98,0.76,1,5,19,384.0,49,41,28,14,36.50,46.20,82.70,8.80,5.60,2.90,1,,,,,,,,,,,,,,
Bleisch & Chen 1991,,Nomascus,N. concolor,"Xiaobahe, Wuliangshan, Yunnan",,,,,1987,24.2,,2300.00,,,,,12.18,,,,,1,3,0.5,,,,,,,,,,,,,,,,,,,,,,,,,
Haimoff et al. 1987,,Nomascus,N. concolor,"Xiaobahe, Wuliangshan, Yunnan",,,,,1985,24.2,,,1875,,,,12.18,,,,1,,3,<0.5,,,,,,,,,,,,,,,,,,,,,,,,,
Fan et al. 2009; 2008; Ni et al. 2014,,Nomascus,N. concolor,"Dazhaizi, Wuliangshan, Yunnan",Northern Indochina subtropical forest,Scan sampling every five minutes,"""We recorded activity as resting, traveling, feeding, calling, playing, and other.
Resting includes any inactive posture (sitting, lying, or hanging); the category
also includes instances of grooming, which always occurred during rest.
Traveling comprises movement (brachiating, climbing, and jumping). Feeding
comprises picking, chewing, or swallowing food. Calling comprises only the duet
calling at the time of the 5-min scan. Playing refers to social play between ≥2
individuals, and includes solo play of the infant when near its mother. We
recorded conflict activity between groups, alarm calling, and unidentified
behavior as other. During feeding bouts, we classified food items as fruit, figs,
leaves (tree leaves and buds, vine leaves and buds, and epiphyte leaves), flowers,
and other ingesta...To avoid overrepresenting the
influence of March and April, which we sampled in both 2005 and 2006, on the
annual mean we first averaged values from the 2 mo and then calculated annual
means from 12 different months""",,2005-2006,24.21,100.42,2290.00,1607.00,19.60,11.80,16.20,245,151.00,4.29,0.67,1,7,14,845.0,69,55,40,7,25.50,18.60,44.10,46.50,9.10,0.30,0.3,34.80,19.80,40,2.6,1.2,1.6,559,13.2,28.8,,,,,
Ni et al. 2014,,Nomascus,N. concolor,"Dazhaizi, Wuliangshan, Yunnan",Northern Indochina subtropical forest,,,,2005-2009,24.21,100.42,2290.00,1625.00,,,16.85,245.00,157.00,4.288,0.67,1,7,26,1600.0,83,64,45,,31.40,15.70,47.10,44.65,7.05,1.25,0.3,31.60,23.80,35.85,2.70,5.00,1.05,,,,,,,,
"Ni et al. 2014, 2017; Huang et al. 2013",,Nomascus,N. concolor,"Dazhaizi, Wuliangshan, Yunnan",Northern Indochina subtropical forest,,,,2008-2009,24.21,100.42,2290.00,1644.00,,,17.50,245,163.00,4.29,0.67,1,7,12,755.0,83,64,45,?,37.30,12.80,50.10,42.80,5.00,2.20,,28.40,27.80,31.70,2.80,8.8,0.50,,,,,,,,
Sheeran 1993,,Nomascus,N. concolor,"Wuliangshan, Yunnan",,,,,1990,24.21,,2550.00,1850,,,,245,,,,4,20,9,48.87,11,9,8,,,,,,,,,,,,,,,,,,,,,,
Islam & Feeroz 1992,,Hoolock,H. hoolock,"Lawachara, Bangladesh",,Scan sampling every ten minutes,,,1990-1991,24.31,91.38,17.50,2000.00,,,,12,35.00,1.58,0.58,1,3,12,382.0,32,23,21,3,51.00,38.00,89.00,6.00,5.00,0.00,0,,,,,,,,,,,,,,
Feeroz 2011,,Hoolock,H. hoolock,"West Bhanugach Forest Reserve, Sylhet, Bangladesh",,Scan sampling every fifteen minutes,,,1996-1997,24.32,91.47,22.00,2000.00,32.20,11.70,,27.38,34.40,1.2,0.37,10,31,18,895.3,61,,,,46.30,40.30,86.60,5.10,4.40,3.90,1.8,,,,,,,,,,,,,,
Haimoff et al. 1987; Young et al. 1992; Lan 2001,,Nomascus,N. concolor,"Xujiaba, Ailaoshan, Yunnan",Northern Indochina subtropical forest,,,,1985,24.32,,2460.00,1875,,,,333.5,,,,,,,,,,,,,,,,,,,,,,,,,,,,,,,,
Islam 2016; Islam et al. 2014,,Hoolock,H. hoolock,"Inner Line Reserve Forest, Cachar, Assam",,,,,2011-2012,24.34,92.47,120,2650,,,,190.32,55.00,0.83,0.26,1,4,12,1008,55,43,31,,28.18,32.34,60.52,24.28,12.3,2.91,2.91,,,,,,,,,,,,,,
Fan et al. 2013; Yin et al. 2016,,Hoolock,H. tianxing,"Nankang, Gaoligongshan, Yunnan",Northern Indochina subtropical forest,Scan sampling every five minutes,,,2010-2011,24.49,98.46,2190.00,1801.00,,,,1276.23,,0.30,0.08,1.5,4,14,1317.0,62,52,35,4,,,,,,,,,,,,,,,,,,,,,
Fan et al. 2013; Zhang et al. 2013; Yin et al. 2016,,Hoolock,H. tianxing,"Nankang, Gaoligongshan, Yunnan",Northern Indochina subtropical forest,Scan sampling every five minutes,,MCP,2010-2011,24.49,98.46,2190.00,1801.00,,,,1276.23,88.10,0.30,0.08,1,3,14,853.0,57,50,35,4,35.60,13.50,49.10,43.30,1.80,5.90,5.3,,,,,,,,,,,,,,
Li et al. 2011,,Hoolock,H. tianxing,"Nankang, Gaoligongshan, Yunnan",Northern Indochina subtropical forest,,,,2009,24.495,98.46,,,,,,1276.23,,,,1,3,9,176.0,,,,,,,,,,,,,,,,,,,,,,,,,
"Wu et al. 2009, 2010",,Hoolock,H. tianxing,"Nankang, Gaoligongshan, Yunnan",Northern Indochina subtropical forest,Continuous focal sampling ,,,2007-2009,24.5,98.46,1900.00,2300.00,,,,1276.23,,0.30,0.08,1,2,34,504.5,43,38,27,1,,,71.13,26.74,1.15,1.89,0.1,,,,,,,,,,,,,,
Yuan et al. 2014; Fan et al. ,,Hoolock,H. tianxing,"Banchang, Gaoligongshan, Yunnan",Nujiang-Langcang Gorge alpine conifer and mixed forest,,,,2012-2013,25.12,98.46,2350.00,1462.10,,,,,150.00,2.00,0.50,3,12,13,,,,,,,,,,,,,,,,,,,,,,,,,,
Bai 2008,,Hoolock,H. tianxing,"Datang, Gaoligongshan, Yunnan",,,,,2007,25.44,,2179.00,,,,,1276.23,,,,2,4,2,20.0,,,,,,,,,,,,,,,,,,,,,,,,,
McCann 1933; Baldwin & Teleki 1974,,Hoolock,H. hoolock,"Changchang Pani, Nagaland",Mizoram-Manipur-Kachin rainforest,,,,1930,26.35,94.27,500.00,,,,,,,,,,>30,3,,,,,,,,,,,,,,,,,,,,,,,,,,
Borah et al. 2015 (Group 1),,Hoolock,H. hoolock,"Hollongapar, Assam",,Scan sampling every five minutes; continuous focal animal sampling,,,2011,26.42,94.22,110.00,1776.70,29.00,15.00,,20.98,,4.81,1.19,1,2,12,660.0,,,,,,,,,,,,,,,,,,,,,,,,,
Borah et al. 2015 (Group 2),,Hoolock,H. hoolock,"Hollongapar, Assam",,Scan sampling every five minutes; continuous focal animal sampling,,,2011,26.42,94.22,110.00,1776.70,29.00,15.00,,20.98,,4.81,1.19,1,4,12,660.0,,,,,,,,,,,,,,,,,,,,,,,,,
Borah et al. 2015 (Groups 1 and 2),,Hoolock,H. hoolock,"Hollongapar, Assam",,Scan sampling every five minutes; continuous focal animal sampling,,,2011,26.42,94.22,110.00,1776.70,29.00,15.00,,20.98,,4.81,1.19,2,6,12,1320.0,54,41,32,,25.07,26.07,51.14,37.75,1.38,9.73,9.73,,,,,,,,,,,,,,
Barua & Gogoi 2012,,Hoolock,H. hoolock,"Hollongapar, Assam",,,,,2005-2008,26.42,94.22,110.00,2490.00,,,,20.98,,4.81,1.19,,,36,,38,29,20,,,,,,,,,,,,,,,,,,,,,,
Tilson 1979,,Hoolock,H. hoolock,"Hollongapar, Assam",,Scan sampling every minute during feeding events,,,1971-1973,26.42,94.2,119.00,2490.00,,,,19,22.00,3.00,0.88,3,7,22,756.0,42,29,19,,,,67.00,32.00,,1.00,1,,,,,,,,,,,,,,
Kakati 2004,,Hoolock,H. hoolock,"Jeypore 1, Assam",,Scan sampling every five minutes,,,2001-2002,27.11,95.25,305.00,2138.00,,,,108,24.25,12.50,3.38,1,5,12,809.8,63,52,36,25,49.50,7.60,57.20,26.40,6.90,7.40,7.4,,,,,,,,,,,,,,
Kakati 2004,,Hoolock,H. hoolock,"Jeypore 2, Assam",,Scan sampling every five minutes,,,2001-2002,27.11,95.25,305.00,2138.00,,,,108,28.75,12.50,3.38,1,5,12,813.3,55,47,31,10,38.00,17.90,55.90,33.60,6.90,2.80,2.8,,,,,,,,,,,,,,
Das et al. 2009,,Hoolock,H. hoolock,"Borajan, Assam",,,,,1998-2000,27.24,,127.50,,,,,4.93,,2.16,1.01,2,6,27,,,,,,,,9.00,40.00,,,,,,,,,,,,,,,,,
Kakati 2004,,Hoolock,H. hoolock,"Borajan, Assam",,Scan sampling every five minutes,,,2001-2002,27.26,95.21,127.50,2138.00,,,,5.05,16.25,2.45,0.62,1,3,12,426.7,46,35,28,7,32.60,13.70,46.30,46.60,0.80,4.90,4.9,,,,,,,,,,,,,,
Kakati 2004,,Hoolock,H. hoolock,"Buridehing, Assam",,Scan sampling every five minutes,,,2001-2002,27.27,95.47,162.50,2138.00,,,,22.95,13.00,6.86,2.11,1,5,12,897.6,35,29,23,7,41.30,21.10,62.40,26.70,7.20,3.50,3.5,,,,,,,,,,,,,,
Kakati 2004,,Hoolock,H. hoolock,"Kakojan, Assam",,Scan sampling every five minutes,,,2001-2002,27.29,95.39,145.00,2138.00,,,,23.47,24.00,11.19,3.25,1,3,12,634.4,60,48,30,12,44.90,12.60,57.40,32.70,2.40,6.70,6.7,,,,,,,,,,,,,,
Kakati 2004,,Hoolock,H. hoolock,"Tokoni, Assam",,Scan sampling every five minutes,,,2001-2002,27.3,95.36,145.00,2138.00,,,,5.02,47.75,0.97,0.49,1,2,12,372.2,27,21,16,6,47.60,21.20,68.80,12.30,7.90,10.50,10.5,,,,,,,,,,,,,,
Das et al. 2009; Kumar et al. 2009,,Hoolock,H. hoolock,"Namdapha, Assam",,,,,1998-2000,27.31,96.37,475.00,1950.00,,,,1985.2,,2.44,0.74,2,,27,,176,,,,,,62.00,29.00,,,,,,,,,,,,,,,,,
Sarma 2015; Sarma et al. 2015; Sarma & Kumar 2016 (Group A),,Hoolock,H. leuconedys,"Horupahar, Lower Dibang Valley, Arunachal Pradesh",,Instantaneous focal sampling every five minutes,,,2012,28.02,95.52,205.00,4356.60,,,,2.32,1.09,6.47,2.16,1,3,12,259.8,,,,,4.25,59.48,63.73,22.66,0.00,13.62,,,,,,,,,,,,,,,
Sarma 2015; Sarma et al. 2015; Sarma et al. 2013; Sarma & Kumar 2016 (Group B),,Hoolock,H. leuconedys,"Delo, Lower Dibang Valley, Arunachal Pradesh",,Instantaneous focal sampling every five minutes,,,2012,28.02,95.52,230.00,4356.60,,,,4.24,2.49,2.36,1.42,1,3,12,198.6,,,,,9.91,16.70,26.61,59.48,0.00,13.91,,,,,,,,,,,,,,,
Sarma 2015; Sarma et al. 2015 (Group C),,Hoolock,H. leuconedys,"Unprotected forest, Lower Dibang Valley, Arunachal Pradesh",,Instantaneous focal sampling every five minutes,,,2012,28.02,95.52,290.50,4356.60,,,,5.378,,3.38,0.63,1,4,12,176.6,,,,,2.64,51.66,54.30,38.89,0.00,6.81,,,,,,,,,,,,,,,
Sarma 2015; Sarma et al. 2015 (non-protected forest groups),,Hoolock,H. leuconedys,"Unprotected forest, Lower Dibang Valley, Arunachal Pradesh",,Instantaneous focal sampling every five minutes,,,2012,28.02,95.52,290.50,4356.60,,,,3.78,1.79,3.47,0.84,3,10,12,634.9,28,22,16,,5.39,43.25,48.64,40.24,0.00,11.12,,,,,,,,,,,,,,,
Sarma 2015; Sarma et al. 2015 (non-protected forest groups),,Hoolock,H. leuconedys,"Lower Dibang Valley, Arunachal Pradesh",,Instantaneous focal animal sampling every five minutes,,,2010-2013,28.04,95.52,938.70,4356.00,,,,292.84,11.12,3.45,1.10,5,15,12,1044.4,43,31,19,,13.53,36.79,50.32,36.88,2.61,10.19,,,,,,,,,,,,,,,
Sarma 2015; Sarma et al. 2015; Sarma & Kumar 2016 (Group D),,Hoolock,H. leuconedys,"Mehao, Lower Dibang Valley, Arunachal Pradesh",,Instantaneous focal sampling every five minutes,,,2012,28.05,95.54,1984.00,4356.60,,,,281.5,24.62,3.39,1.08,1,2,11,208.3,,,,,24.65,29.92,54.57,30.86,6.48,8.09,,,,,,,,,,,,,,,
Sarma 2015; Sarma et al. 2015; Sarma & Kumar 2016 (Group E),,Hoolock,H. leuconedys,"Mehao, Lower Dibang Valley, Arunachal Pradesh",,Instantaneous focal sampling every five minutes,,,2012,28.05,95.52,1984.00,4356.60,,,,281.5,16.28,3.39,1.08,1,3,11,201.2,,,,,26.21,26.20,52.41,32.51,6.57,8.52,,,,,,,,,,,,,,,
Sarma 2015; Sarma et al. 2015; Sarma & Kumar 2016 (protected forest groups),,Hoolock,H. leuconedys,"Mehao, Lower Dibang Valley, Arunachal Pradesh",,Instantaneous focal sampling every five minutes,,,2012,28.05,95.53,1984.00,4356.60,,,,281.5,20.45,3.39,1.08,2,5,11,409.5,37,28,17,,25.36,28.23,53.59,31.61,6.52,8.29,,,,,,,,,,,,,,,
Bai 2008,,Hoolock,H. tianxing,"Nankang, Gaoligongshan, Yunnan",,,,,2006,,,2173.00,,,,,1276.23,,,,1,3,9,37.0,,,,,,,,,,,,,,,,,,,,,,,,,
Islam et al. 2006,,Hoolock,H. hoolock,"Karnafuli, Kaptai, Rangamati, Bangladesh",,,,,,,,,,,,,2356.31,,,,,,,,,,,,,,,,,,,,,,,,,,,,,,,,
Curtin & Chivers 1978,,Symphalangus,S. syndactylus,"Kuala Lompat, Krau Reserve, Pahang",,,,,1969-1970,,,,,,,,500.00,,,,1,5,14,1707,,,,,,,,,,,,,,,,,,,,,,,,,
BTNG 2010,,Hylobates,H. moloch,"Selabintana, Gunung Gede Pangrango, Java",,,,,2002,,,,,,,,,,0.50,,7,20,2,,,,,,,,,,,,,,,,,,,,,,,,,,
,,,,,,,,,,,,,,,,,,,,,,,,,37.429,28.286,20.571,2.167,40.000,23.500,63.600,25.650,4.000,6.500,6.500,,,,,,,,,,,,,,
,,,,,,,,,,,,,,,,,,,,,,,1,,91.67,36.25,26.92,0.33,8.00,0.50,5.12,80.65,0.00,40.50,40.50,,,,,,,,,,,,,,
,,,,,,,,,,,,,,,,,,,,,,,1,,7,7,7,6,2,2,2,2,2,2,2,,,,,,,,,,,,,,
,,,,,,,,,,,,,,,,,,,,,,,1,,,,,,,,,,,,,,,,,,,,,,,,,,
,,,,,,,,,,,,,,,,,,,,,,,,,,,,,,,,,,,,,,,,,,,,,,,,,
,,,,,,,,,,,,,,,,,,,,,,,,,,,,,,,,,,,,,,,,,,,,,,,,,
,,,,,,,,,,,,,,,,,,,,,,,,,,,,,,,,,,,,,,,,,,,,,,,,,
,,,,,,,,,,,,,,,,,,,,,,,2,,,,,,,,,,,,,,,,,,,,,,,,,,
,,,,,,,,,,,,,,,,,,,,,,,2,,,,,,,,,,,,,,,,,,,,,,,,,,
,,,,,,,,,,,,,,,,,,,,,,,10,,,,,,40.24642857,,,,,,,,,,,,,,,,,,,,
,,,,,,,,,,,,,,,,,,,,,,,1,29,,,,hoolock, 2-51, 8-60, 9-90, 5-60, 0-14, 0-14,,,,,,,,,,,,,,,
,,,,,,,,,,,,,,,,,,,,,,,1,,,,,nomascus, 2-81, 0-41, 30-86, 10-69, 0-14, 0-15,,,,,,,,,,,,,,,
,,,,,,,,,,,,,,,,,,,,,,,1,,,,,symphalangus, 10-43, 14-43, 36-67, 15-50, 0-19, 0-28,,,,,,,,,,,,,,,
,,,,,,,,,,,,,,,,,,,,,,,,,,,,hylobates, 11-67, 0-75, 8-90, 2-49, 0-43, 0-29,,,,,,,,,,,,,,,
,,,,,,,,,,,,,,,,,,,,,,,1,,,,,,,,,,,,,,,,,,,,,,,,,,
,,,,,,,,,,,,,,,,,,,,,,,1,,,,,,,,,,,,,,,,,,,,,,,,,,
,,,,,,,,,,,,,,,,,,,,,,,1,,,,,,,,,,,,,,,,,,,,,,,,,,
,,,,,,,,,,,,,,,,,,,,,,,1,,,,,,,,,,,,,,,,,,,,,,,,,,
,,,,,,,,,,,,,,,,,,,,,,,1,,,,,,,,,,,,,,,,,,,,,,,,,,
,,,,,,,,,,,,,,,,,,,,,,,1,,,,,,,,,,,,,,,,,,,,,,,,,,
,,,,,,,,,,,,,,,,,,,,,,,3,,,,,,,,,,,,,,,,,,,,,,,,,,
,,,,,,,,,,,,,,,,,,,,,,,,,,,,,,,,,,,,,,,,,,,,,,,,,
